student_name,essay
Alice,"Climate change is one of the biggest challenges facing our planet. We need to act now by reducing emissions and conserving resources."
Bob,"Artificial intelligence will revolutionize education by personalizing learning experiences for each student."
Carol,"The history of the Renaissance period shows the importance of art and science in society."
David,"Renewable energy sources like solar and wind power are essential for a sustainable future."
Eva,"Learning a second language can improve cognitive abilities and open career opportunities."
Frank,"Space exploration pushes the boundaries of human knowledge and inspires innovation."
Grace,"Physical education promotes health and teamwork among students."
Henry,"Online learning platforms have made education accessible worldwide."
Ivy,"Critical thinking skills are crucial for solving complex problems in everyday life."
Jack,"The role of technology in classrooms has evolved from simple tools to immersive experiences."
Kathy,"Environmental conservation efforts must involve community participation to be successful."
Liam,"Early childhood education lays the foundation for lifelong learning and development."
Mona,"Literature allows us to explore diverse cultures and human experiences."
Nathan,"The importance of mental health awareness in schools cannot be overstated."
Olivia,"Mathematics teaches problem-solving and logical reasoning essential for many careers."
Paul,"Extracurricular activities help develop leadership and social skills."
Quinn,"Historical events shape our understanding of the present and guide future decisions."
Rachel,"Music education enhances creativity and emotional expression."
Steve,"Coding skills are becoming increasingly important in the modern job market."
Tina,"Volunteering during school years fosters empathy and community engagement."
